student_id,attendance_pct,mark_1,mark_2,mark_3,final_mark
1,64.4,61.8,62.8,72.1,75.1
2,72.1,49.1,48.3,44.3,52.1
3,90.1,63.7,72.4,85.5,86.2
4,83.4,75.6,71.3,64.8,70.4
5,67.0,34.3,27.3,26.5,21.1
6,68.7,30.1,33.9,41.3,44.7
7,72.4,60.0,63.1,57.8,50.7
8,68.7,53.0,53.8,61.7,68.0
9,100.0,68.3,50.3,50.2,52.4
10,83.6,48.4,45.1,52.9,55.8
11,97.1,70.6,69.6,77.5,80.9
12,77.5,62.6,78.0,71.4,67.9
13,79.6,69.2,54.2,52.2,43.5
14,75.4,74.6,71.1,79.6,77.9
15,46.3,71.7,71.5,66.9,46.0
16,60.1,51.7,52.5,38.4,32.6
17,57.8,64.6,62.6,66.6,69.9
18,47.6,48.1,43.1,51.1,40.5
19,67.9,78.2,75.6,71.6,67.9
20,100.0,51.0,49.9,58.3,67.8
21,80.8,51.0,49.8,50.1,50.2
22,98.0,52.7,48.7,56.0,57.5
23,91.4,81.9,84.5,81.3,80.8
24,92.5,63.4,55.9,51.5,57.4
25,68.1,47.7,54.0,55.2,53.8
26,88.3,60.1,59.3,52.1,62.2
27,93.8,73.5,76.4,68.9,70.9
28,75.0,64.9,63.2,66.9,66.5
29,91.1,67.9,66.1,57.6,62.3
30,91.2,77.6,73.8,55.5,51.8
31,80.7,87.1,86.0,99.8,100.0
32,65.1,41.4,58.0,68.9,81.3
33,63.9,49.9,48.2,45.4,36.5
34,80.8,59.1,48.2,39.5,31.3
35,88.4,73.1,68.3,72.1,72.1
36,74.3,78.7,73.1,77.5,68.5
37,82.0,60.1,54.4,57.9,56.3
38,87.5,51.9,48.5,41.4,45.5
39,88.2,50.6,51.6,47.2,52.8
40,100.0,63.5,69.2,72.1,72.5
41,100.0,76.3,71.4,68.7,59.9
42,69.6,64.7,70.4,71.2,79.7
43,100.0,43.3,46.1,56.7,69.5
44,75.3,56.6,66.4,62.4,58.7
45,97.0,58.2,65.0,60.9,62.4
46,83.6,55.8,73.7,61.1,54.0
47,78.8,70.1,71.6,78.1,87.4
48,57.4,67.5,61.5,56.8,42.3
49,81.6,67.8,73.3,74.6,82.5
50,60.4,65.6,64.3,64.8,58.6
51,96.4,52.5,62.2,77.6,96.2
52,100.0,71.3,67.9,64.9,70.5
53,66.5,28.6,40.3,42.9,50.5
54,85.3,63.4,51.9,49.4,49.9
55,70.4,51.9,51.3,54.1,57.2
56,71.3,46.1,50.8,47.5,48.3
57,92.0,59.5,59.9,49.8,48.2
58,85.9,85.7,80.0,81.4,93.2
59,100.0,42.5,39.6,50.4,55.7
60,78.2,70.6,66.9,71.6,69.9
61,90.9,45.8,29.7,31.0,27.0
62,82.4,50.7,49.7,55.7,58.2
63,93.6,72.6,61.8,67.8,65.4
64,77.5,74.6,64.0,67.8,67.4
65,83.4,72.2,67.9,69.1,68.8
66,82.8,81.1,68.8,63.4,49.4
67,69.2,62.0,53.0,47.7,38.6
68,89.9,53.4,58.4,57.2,56.1
69,93.7,74.0,75.5,78.6,71.3
70,89.7,70.9,57.2,40.9,33.8
71,99.7,40.4,39.0,48.2,58.7
72,98.9,39.4,41.3,45.2,53.6
73,74.0,47.3,47.5,36.4,34.9
74,88.7,69.3,69.8,64.0,51.2
75,73.7,53.7,58.5,71.4,66.4
76,84.4,61.3,70.5,68.7,81.1
77,72.3,44.6,45.5,65.5,67.9
78,100.0,67.5,63.2,57.6,67.3
79,89.0,73.1,72.4,66.3,66.7
80,78.0,49.7,54.2,58.7,57.9
81,100.0,65.7,74.1,69.1,74.2
82,49.6,52.6,46.5,48.8,46.5
83,52.7,46.5,55.4,61.7,60.6
84,92.0,57.3,54.1,49.6,48.3
85,79.3,36.2,41.7,38.0,30.8
86,87.0,70.8,66.8,67.9,69.1
87,62.0,44.8,53.4,52.3,44.9
88,81.7,53.5,63.6,64.1,72.7
89,100.0,63.3,72.7,65.5,81.8
90,94.9,71.0,66.7,68.5,77.3
91,86.4,72.5,73.2,76.5,82.9
92,75.6,56.6,55.7,54.6,52.1
93,75.2,44.3,56.7,62.2,55.1
94,52.0,61.4,55.8,44.4,21.8
95,80.5,37.8,39.1,37.9,41.1
96,89.5,39.9,47.1,29.8,25.1
97,56.0,45.6,39.7,33.9,15.1
98,69.7,51.7,36.3,37.6,30.3
99,67.0,68.8,63.8,69.5,57.3
100,65.8,43.1,51.3,47.8,37.3
101,81.6,46.5,56.5,55.8,60.4
102,56.7,85.0,80.5,76.2,64.9
103,89.5,62.2,58.7,52.6,47.1
104,94.8,70.8,73.0,75.0,74.6
105,75.7,43.2,50.9,51.0,56.7
106,46.7,57.2,60.6,52.2,38.8
107,65.2,50.4,51.8,44.2,36.0
108,98.2,52.7,56.3,58.2,68.0
109,45.6,71.8,76.2,66.3,56.1
110,72.0,32.6,32.9,34.1,33.3
111,66.8,63.5,64.1,67.4,66.4
112,94.0,62.1,70.4,71.9,81.5
113,70.8,58.5,52.0,52.4,45.2
114,83.3,26.7,41.5,41.4,42.6
115,90.1,66.9,61.6,61.2,59.0
116,100.0,45.9,49.7,49.0,44.8
117,79.9,68.8,63.5,53.0,50.6
118,87.3,61.0,66.1,63.1,69.9
119,66.0,84.5,86.2,79.0,76.4
120,97.9,55.7,49.6,46.3,48.1
121,68.3,40.8,43.8,45.5,42.4
122,74.7,61.2,69.8,69.1,75.8
123,82.3,67.0,62.4,54.6,50.7
124,64.2,92.4,73.2,75.1,69.7
125,87.7,76.9,80.1,68.9,66.6
126,96.6,53.3,68.1,74.9,91.8
127,90.5,78.2,81.7,83.2,88.1
128,56.2,34.3,40.7,47.7,48.0
129,78.3,59.6,54.7,41.8,38.2
130,89.6,54.6,43.9,42.0,41.2
131,54.5,45.0,58.7,59.1,50.8
132,62.8,37.4,41.5,37.0,36.4
133,96.2,63.3,70.5,72.5,93.0
134,85.1,62.8,57.2,53.2,51.9
135,83.4,31.1,37.2,37.2,39.5
136,100.0,50.4,48.9,41.1,44.5
137,89.5,60.7,61.2,73.7,76.7
138,93.7,63.9,66.1,80.9,95.3
139,100.0,95.3,92.4,84.0,79.2
140,86.0,100.0,97.5,91.7,81.8
141,72.1,56.1,68.1,70.5,64.6
142,85.0,39.6,46.8,63.2,65.4
143,81.7,28.2,26.7,22.0,9.8
144,75.4,64.6,67.2,55.7,50.3
145,65.1,45.8,47.6,46.7,57.4
146,100.0,41.9,51.8,59.9,66.8
147,84.7,38.8,49.6,63.1,63.1
148,71.3,51.7,66.0,60.0,64.4
149,98.0,74.4,69.0,81.2,80.6
150,80.9,74.8,64.4,58.8,61.9
151,78.0,57.8,50.9,58.8,56.9
152,86.8,46.9,44.0,39.3,36.6
153,58.9,32.8,33.1,31.5,21.3
154,85.5,39.8,44.4,62.4,75.8
155,100.0,51.1,60.7,65.7,76.7
156,93.8,76.7,85.0,89.1,94.6
157,77.1,70.2,53.6,68.0,62.6
158,77.8,65.7,78.1,78.0,74.5
159,74.8,48.2,58.3,49.9,53.1
160,74.9,37.7,48.2,41.6,33.2
161,73.8,39.9,47.0,51.6,52.8
162,92.7,43.4,49.3,54.5,64.0
163,64.1,87.1,97.2,97.8,98.3
164,91.6,43.6,54.4,53.6,62.0
165,79.2,67.9,77.1,71.7,72.5
166,84.6,57.3,42.7,38.9,38.8
167,69.0,74.5,74.8,70.9,73.1
168,100.0,68.2,67.5,60.5,65.5
169,99.0,62.3,50.4,47.6,51.9
170,95.3,54.2,61.3,63.0,77.3
171,58.8,40.6,59.3,63.1,62.5
172,94.9,58.7,69.3,76.2,78.6
173,86.3,52.3,59.1,58.4,63.1
174,55.8,41.6,42.3,48.5,50.6
175,77.8,35.4,40.5,44.0,49.0
176,87.6,64.7,64.1,56.6,54.6
177,94.5,81.6,80.4,81.7,76.4
178,85.0,61.3,58.5,65.1,70.2
179,85.7,64.2,63.3,61.0,62.3
180,100.0,72.8,69.8,59.3,49.7
181,100.0,80.5,75.6,75.4,82.1
182,42.5,61.4,67.2,56.9,37.9
183,76.3,45.0,53.5,60.0,61.5
184,83.0,71.1,78.0,83.3,94.4
185,58.8,63.2,68.3,69.2,73.1
186,87.9,80.6,87.0,78.8,75.7
187,100.0,63.3,63.1,59.0,62.5
188,63.1,39.6,47.3,37.7,32.9
189,82.6,41.7,40.7,32.6,37.8
190,74.1,80.1,87.3,78.6,74.1
191,77.8,91.1,82.5,76.4,70.5
192,100.0,65.7,65.9,47.8,55.5
193,73.3,52.6,56.1,57.2,55.7
194,92.9,83.8,84.8,79.2,87.6
195,52.5,52.7,37.0,34.0,12.6
196,100.0,48.8,43.3,50.2,53.9
197,92.4,65.9,74.6,69.4,68.2
198,78.3,48.4,55.2,58.6,57.1
199,90.0,52.7,52.3,69.2,80.0
200,61.8,66.2,61.7,56.1,51.5
201,99.6,67.5,62.9,58.5,58.4
202,81.7,83.9,86.8,80.3,72.6
203,79.4,61.4,61.0,61.9,62.0
204,77.0,68.8,70.5,76.0,78.3
205,67.7,17.2,34.0,37.4,44.4
206,91.6,58.3,55.7,63.4,57.6
207,83.1,47.6,43.4,48.6,44.7
208,87.5,43.5,40.9,36.8,34.5
209,79.2,53.2,50.1,49.3,47.3
210,88.2,56.4,49.7,53.9,58.8
211,78.9,69.7,67.1,72.9,73.2
212,100.0,50.1,43.4,37.0,38.2
213,60.1,61.8,58.0,64.5,57.9
214,98.2,55.2,51.2,46.1,47.4
215,100.0,64.6,47.7,56.0,64.2
216,73.1,74.1,72.3,78.5,74.4
217,100.0,70.0,68.0,60.8,63.9
218,99.9,76.2,83.8,86.1,93.0
219,95.1,58.6,54.6,68.0,80.7
220,80.3,57.2,56.2,47.9,41.9
221,78.3,59.1,53.9,59.9,62.3
222,79.8,53.3,60.9,71.2,83.1
223,88.0,69.0,68.8,50.2,47.2
224,98.4,54.0,44.6,25.8,20.9
225,84.8,65.3,59.1,53.1,45.2
226,69.9,57.4,62.8,61.2,57.5
227,100.0,97.1,100.0,91.5,100.0
228,100.0,78.3,94.0,87.3,93.0
229,88.6,42.0,43.9,55.7,63.9
230,91.6,67.1,55.5,36.5,23.1
231,73.8,41.3,38.4,38.2,33.4
232,67.2,41.4,47.2,65.0,78.8
233,70.8,73.0,64.5,54.8,47.1
234,62.7,78.4,78.1,79.7,70.0
235,83.1,53.3,53.6,43.4,48.3
236,78.9,57.6,55.0,47.9,45.5
237,69.4,27.6,26.5,30.5,29.4
238,40.1,54.4,56.7,67.7,62.7
239,61.4,30.9,46.7,56.9,58.0
240,96.1,54.9,49.7,45.8,47.6
241,70.1,41.0,49.2,60.8,59.0
242,86.8,61.0,58.2,55.4,56.8
243,57.3,32.5,29.8,43.4,46.2
244,97.7,35.4,34.2,38.6,51.9
245,86.4,85.8,97.7,94.5,97.1
246,82.2,34.9,40.1,43.9,34.2
247,100.0,30.3,50.1,56.1,73.3
248,100.0,85.3,85.5,86.4,100.0
249,84.7,98.9,96.2,95.0,97.7
250,70.2,33.1,52.0,48.0,45.4
251,76.3,59.4,50.2,57.3,57.9
252,90.2,62.7,57.5,62.5,59.4
253,85.7,86.0,91.1,84.9,83.2
254,73.5,56.5,41.9,49.2,46.0
255,100.0,56.4,56.2,56.2,62.8
256,82.7,73.9,69.3,73.1,64.5
257,100.0,62.9,67.6,65.6,66.2
258,82.1,45.0,50.6,63.1,65.4
259,100.0,65.3,57.3,44.8,40.0
260,82.9,31.7,41.2,41.4,46.8
261,94.8,55.5,52.4,51.9,45.6
262,71.1,70.1,53.2,44.4,40.0
263,70.7,64.9,62.1,64.5,56.0
264,86.8,52.8,46.0,58.5,68.7
265,97.3,69.3,65.4,61.6,54.6
266,85.6,70.3,75.7,80.9,80.2
267,64.5,72.9,60.7,44.6,37.4
268,64.0,67.2,64.2,63.1,65.8
269,62.2,65.8,60.7,56.6,51.4
270,57.3,59.5,57.4,56.5,53.5
271,81.4,46.4,51.9,54.9,56.5
272,98.7,64.2,70.5,58.4,53.9
273,81.5,47.0,56.7,61.5,62.3
274,56.6,90.0,93.3,90.2,78.5
275,84.0,93.3,82.6,66.5,53.5
276,80.9,70.4,67.2,51.5,45.9
277,100.0,48.5,54.8,52.3,51.6
278,58.3,44.6,45.3,33.8,29.1
279,80.1,69.8,70.8,74.3,67.4
280,100.0,60.4,65.8,62.2,68.6
281,89.7,67.7,72.1,75.3,76.2
282,84.7,30.6,32.9,41.6,53.6
283,86.4,74.9,77.9,66.1,64.9
284,88.0,73.3,64.1,66.2,69.7
285,89.6,52.9,37.4,34.9,29.1
286,69.3,54.6,53.5,58.4,57.2
287,95.1,57.3,56.9,64.7,68.5
288,62.9,61.1,59.8,62.9,54.8
289,85.7,65.6,60.8,41.5,31.6
290,84.2,68.8,50.8,45.8,36.4
291,72.6,61.2,51.1,51.2,39.9
292,82.1,67.6,58.2,60.6,51.8
293,77.7,84.6,81.8,78.1,64.2
294,59.3,24.6,20.0,23.9,13.6
295,76.3,58.4,62.0,52.6,53.6
296,67.1,60.5,66.5,70.4,63.4
297,87.4,71.3,66.4,62.8,55.1
298,64.8,55.5,55.0,49.9,51.6
299,86.7,24.0,35.2,34.3,34.7
300,66.4,78.8,61.5,57.8,49.9
301,79.3,85.0,89.3,90.1,94.7
302,68.7,29.6,32.5,45.8,46.7
303,100.0,70.8,76.3,76.0,72.8
304,85.6,50.2,59.8,66.9,73.5
305,78.9,61.1,59.9,68.3,57.4
306,85.8,31.9,43.5,56.6,78.5
307,51.5,61.7,56.6,55.8,39.8
308,85.3,81.7,68.1,75.9,66.9
309,100.0,65.2,69.9,65.1,65.2
310,89.0,92.2,85.5,78.8,69.3
311,86.5,83.0,77.5,71.9,77.3
312,91.0,66.6,69.4,71.2,87.7
313,99.8,87.0,85.9,88.2,93.0
314,55.4,70.5,62.0,64.0,48.8
315,60.9,69.4,71.9,81.7,69.7
316,84.1,48.7,55.8,64.8,69.2
317,72.2,54.1,61.5,67.5,69.7
318,98.3,47.3,50.2,49.5,52.9
319,80.6,68.9,79.0,86.2,92.9
320,51.4,54.8,38.0,36.0,23.3
321,66.6,75.5,72.4,63.7,60.7
322,42.9,61.7,62.3,51.6,37.3
323,82.2,73.7,70.6,78.8,74.3
324,81.6,74.4,72.0,71.5,72.9
325,81.5,88.0,85.0,90.1,89.9
326,99.3,62.3,69.5,81.5,98.3
327,94.1,46.1,32.8,37.9,44.7
328,79.4,54.8,58.3,61.3,55.7
329,48.6,45.3,49.8,38.6,22.6
330,89.1,56.1,47.2,51.6,50.4
331,94.3,83.0,78.0,82.8,81.1
332,88.2,76.7,64.4,71.7,79.3
333,93.6,42.2,56.4,47.8,57.6
334,62.7,37.9,42.9,51.4,59.2
335,100.0,55.7,60.4,62.3,70.5
336,64.9,37.4,40.1,43.6,43.2
337,90.5,56.7,46.2,43.2,47.2
338,59.3,68.5,63.7,66.2,63.0
339,72.4,73.9,87.2,77.7,79.9
340,100.0,69.8,74.7,66.9,82.8
341,71.5,24.2,22.2,25.3,24.6
342,94.7,58.8,67.2,72.1,77.8
343,85.5,69.4,57.8,70.3,69.4
344,81.8,61.8,59.1,75.3,84.1
345,100.0,79.9,88.3,79.8,92.1
346,72.5,28.1,33.7,26.3,22.7
347,55.3,45.7,55.3,53.8,55.5
348,72.5,87.3,67.0,54.9,31.5
349,85.0,32.9,35.6,40.3,42.8
350,92.0,100.0,85.1,60.2,48.4
351,61.2,73.9,67.1,57.2,42.0
352,74.4,73.4,71.1,76.6,88.9
353,72.1,45.7,45.0,57.1,56.7
354,79.3,73.7,72.7,63.2,56.3
355,65.9,80.5,80.3,71.1,64.9
356,73.9,59.0,58.7,59.5,53.4
357,72.5,67.3,66.1,58.6,51.0
358,93.6,49.6,65.4,73.2,90.5
359,90.7,49.8,50.1,43.0,42.5
360,79.5,52.8,61.3,60.5,57.9
361,76.1,47.5,54.9,65.6,77.6
362,85.1,61.3,59.3,57.4,65.9
363,73.6,85.2,72.9,70.8,67.8
364,62.8,47.2,47.7,39.9,32.9
365,68.5,60.7,56.0,59.9,55.7
366,77.6,94.0,79.4,70.3,60.2
367,63.5,61.4,41.6,47.7,37.6
368,81.8,44.5,54.7,42.8,35.1
369,92.8,55.5,66.3,68.9,72.7
370,62.3,70.0,75.7,73.3,63.8
371,82.4,58.2,64.0,57.7,49.4
372,82.9,76.2,82.2,73.3,74.7
373,89.4,70.5,71.9,68.1,72.5
374,84.3,64.7,72.0,73.4,85.4
375,63.3,74.7,66.6,63.3,51.8
376,71.3,100.0,100.0,87.3,82.4
377,81.8,53.3,59.1,64.9,71.3
378,90.4,34.0,28.1,26.8,26.5
379,55.8,93.6,85.9,73.1,65.1
380,85.5,49.4,49.1,54.2,61.2
381,99.0,67.8,67.6,64.8,73.0
382,83.8,88.2,77.0,73.3,66.8
383,84.9,27.4,38.0,44.6,45.0
384,68.4,33.5,45.5,42.2,35.4
385,75.5,27.1,37.5,37.6,33.9
386,56.9,45.0,48.5,53.0,46.6
387,50.5,73.1,66.6,59.5,40.9
388,96.8,64.3,67.6,67.5,75.2
389,69.0,73.7,61.8,56.4,58.4
390,71.4,43.4,37.0,34.4,25.8
391,55.7,23.9,31.3,25.4,24.2
392,62.4,49.7,60.4,61.3,57.6
393,78.2,40.0,49.8,58.7,63.9
394,73.2,60.5,64.8,69.3,69.4
395,89.4,71.8,74.9,72.3,77.2
396,88.8,52.9,64.8,66.2,66.4
397,88.8,66.8,73.6,71.6,81.9
398,86.0,62.9,62.4,63.0,63.8
399,100.0,66.4,70.2,61.2,63.5
400,64.9,42.1,46.9,51.6,44.9
401,80.7,55.4,56.3,58.6,59.8
402,98.4,65.9,66.8,62.6,68.8
403,100.0,74.7,75.8,67.4,72.1
404,60.9,53.3,50.2,61.5,70.5
405,79.2,72.1,64.4,61.8,68.8
406,100.0,53.1,56.4,52.7,57.5
407,88.8,53.1,65.1,64.4,67.7
408,87.2,76.1,64.8,77.3,79.9
409,73.0,28.8,31.2,35.9,33.0
410,72.7,36.9,35.0,42.3,47.8
411,81.6,47.1,35.2,22.8,20.1
412,71.5,21.7,23.5,24.1,29.0
413,79.4,57.5,48.1,47.8,49.1
414,85.3,86.6,69.1,61.5,64.8
415,71.7,57.5,55.8,46.1,40.7
416,90.0,68.1,60.8,58.1,56.0
417,100.0,76.1,70.5,77.1,89.9
418,61.1,80.9,83.0,82.3,81.3
419,86.3,58.1,62.0,57.8,56.4
420,75.4,71.3,83.7,88.3,89.7
421,90.4,60.1,55.2,63.1,68.0
422,80.1,42.8,48.6,48.6,51.7
423,90.9,49.4,53.8,57.4,55.0
424,94.0,31.5,33.7,37.0,35.3
425,82.0,52.8,46.7,47.4,35.0
426,96.8,57.4,54.2,54.3,52.2
427,51.6,83.6,79.4,62.7,43.7
428,100.0,87.9,93.5,88.1,96.4
429,83.1,48.0,32.6,46.8,46.7
430,98.3,61.8,75.9,74.3,84.0
431,61.8,40.4,40.7,43.9,38.0
432,71.8,61.8,71.0,73.7,70.2
433,83.6,55.4,61.9,54.2,56.0
434,76.3,36.4,28.6,35.4,39.4
435,88.7,72.9,75.9,66.2,62.6
436,95.4,46.8,50.5,53.0,57.7
437,55.7,46.9,54.2,54.3,63.2
438,92.4,46.4,44.9,41.6,42.4
439,80.2,42.5,55.0,53.1,52.9
440,80.4,61.8,66.7,77.5,79.4
441,60.8,66.9,56.5,60.3,52.1
442,90.0,56.8,69.3,70.0,75.6
443,49.3,56.4,67.8,69.2,64.2
444,95.0,83.1,82.7,78.8,75.7
445,60.1,60.6,52.2,55.5,42.7
446,78.3,39.7,33.7,32.2,27.6
447,83.5,72.4,73.7,71.6,69.5
448,97.4,49.3,52.5,61.7,65.4
449,82.8,81.3,79.9,69.8,65.8
450,73.4,68.2,69.7,67.8,68.2
451,74.5,60.1,57.4,45.5,43.6
452,100.0,65.9,71.0,67.0,70.7
453,95.4,91.4,94.7,97.6,100.0
454,82.8,69.4,92.1,100.0,100.0
455,78.9,72.1,57.8,60.0,57.1
456,60.5,50.3,68.7,66.4,69.3
457,90.7,76.7,75.9,77.8,85.4
458,54.8,46.2,47.8,45.6,44.5
459,93.5,68.7,63.6,64.7,71.5
460,83.7,59.6,56.1,64.9,67.1
461,100.0,56.0,58.8,64.3,69.9
462,64.1,37.1,50.0,49.1,56.3
463,75.8,39.0,33.0,28.6,22.5
464,100.0,22.5,41.1,29.0,35.4
465,95.3,48.4,38.9,42.0,44.2
466,70.9,56.6,48.1,61.1,60.7
467,84.3,63.4,57.6,55.7,48.4
468,87.8,85.9,95.2,83.7,87.1
469,89.3,62.0,76.8,89.5,97.1
470,69.3,44.1,47.9,48.9,34.8
471,81.8,67.9,57.8,58.0,56.6
472,58.4,55.1,51.2,47.1,36.5
473,83.0,59.4,51.4,59.0,58.0
474,88.9,74.4,55.2,57.0,59.9
475,80.7,74.4,69.8,59.5,49.9
476,58.4,41.5,45.9,58.5,49.9
477,99.0,64.3,70.7,74.0,71.0
478,83.7,36.4,40.7,56.0,65.8
479,71.9,60.8,56.8,61.7,55.4
480,85.1,79.9,96.6,100.0,100.0
481,61.7,67.1,64.6,62.6,64.5
482,71.9,82.3,85.1,84.3,86.0
483,74.7,63.6,64.4,67.4,68.2
484,100.0,69.5,73.3,74.3,77.7
485,72.9,60.4,59.1,63.2,67.0
486,90.5,60.9,58.7,59.7,60.6
487,72.1,58.1,50.4,44.2,32.5
488,86.8,83.3,67.0,59.8,46.7
489,77.5,47.8,45.6,50.9,50.7
490,96.2,65.0,68.7,67.7,74.4
491,77.8,81.0,73.0,68.4,76.8
492,61.1,70.0,67.2,61.7,57.3
493,61.8,56.5,55.3,58.6,53.4
494,75.9,64.2,64.2,68.7,62.5
495,63.6,63.3,52.7,57.9,53.9
496,90.5,71.6,69.2,80.0,78.7
497,70.0,34.9,36.4,44.4,51.0
498,100.0,49.5,55.3,61.8,72.9
499,51.7,23.2,26.7,34.1,33.1
500,80.4,30.1,40.8,46.2,50.2
501,70.3,72.8,78.2,85.1,90.0
502,77.8,66.8,67.8,81.8,84.6
503,81.8,35.2,53.3,54.7,53.7
504,44.9,33.1,35.3,35.3,37.9
505,76.4,22.5,13.9,10.7,3.7
506,100.0,46.4,52.0,61.9,73.6
507,82.7,100.0,99.6,87.5,70.7
508,86.9,70.5,66.6,64.3,69.2
509,94.7,50.3,46.8,60.3,76.5
510,81.1,63.8,69.2,67.0,70.8
511,69.2,32.5,34.6,46.1,52.1
512,49.2,58.0,63.1,48.6,42.6
513,91.3,72.7,61.5,53.2,48.2
514,80.2,60.1,49.8,61.8,63.6
515,70.2,73.3,73.3,73.8,67.7
516,84.8,66.2,72.9,64.3,62.8
517,75.8,63.2,76.3,77.5,86.6
518,72.5,53.1,57.0,47.6,49.2
519,93.2,80.6,69.4,75.3,76.5
520,68.1,88.3,88.1,82.1,71.5
521,93.8,44.9,42.6,44.8,46.8
522,59.8,51.7,47.6,46.9,45.5
523,76.7,88.3,74.9,75.0,66.2
524,100.0,58.4,54.6,49.6,55.4
525,100.0,72.4,78.4,76.5,84.5
526,82.0,56.8,57.0,58.3,57.3
527,73.2,64.1,85.0,92.2,100.0
528,75.0,68.3,63.1,56.2,53.0
529,83.8,65.8,58.5,56.5,55.4
530,87.2,98.0,82.2,72.5,61.0
531,79.6,55.4,51.6,56.3,57.7
532,78.7,41.0,49.4,43.8,38.6
533,77.7,57.7,58.0,55.1,53.5
534,63.2,59.7,71.0,75.1,76.1
535,70.1,35.4,33.5,37.6,29.2
536,96.7,63.5,58.6,70.7,77.0
537,61.2,62.7,44.9,56.0,58.5
538,82.8,80.4,82.9,76.1,78.0
539,63.3,28.7,22.5,27.1,17.5
540,81.2,51.6,45.2,45.0,46.8
541,71.5,32.0,41.3,44.0,48.0
542,100.0,58.4,52.7,37.4,50.4
543,89.8,65.5,63.8,53.1,49.0
544,63.1,59.3,56.1,56.2,47.9
545,90.6,59.4,55.7,55.2,65.0
546,70.7,50.3,58.5,58.5,49.7
547,74.5,60.0,69.5,71.8,72.8
548,83.4,44.0,46.6,47.1,56.4
549,77.2,71.5,73.5,72.7,75.5
550,96.5,67.8,74.6,77.4,77.0
551,72.3,67.5,61.1,63.7,60.5
552,75.0,66.0,71.4,68.4,78.3
553,73.7,62.9,63.3,69.9,71.3
554,80.2,94.1,80.5,80.9,74.5
555,97.1,50.5,50.2,65.9,69.5
556,89.9,46.1,51.3,54.9,55.0
557,100.0,49.3,50.8,47.9,54.7
558,100.0,38.4,45.0,53.5,71.1
559,63.8,58.4,42.1,31.4,22.8
560,80.3,60.0,54.5,36.3,33.0
561,65.3,71.2,53.9,55.9,40.8
562,72.1,62.8,64.9,63.7,53.6
563,73.3,60.6,62.0,54.5,54.5
564,64.9,58.0,45.6,40.3,23.8
565,70.0,88.6,73.6,74.1,66.5
566,82.2,81.3,64.7,73.5,72.1
567,64.5,49.8,63.2,72.8,73.1
568,91.8,39.6,47.5,54.5,59.5
569,70.8,66.8,76.4,68.1,63.7
570,100.0,67.8,62.7,64.4,70.5
571,71.3,39.6,42.4,35.4,33.9
572,82.8,67.6,58.8,52.6,48.7
573,64.7,64.1,63.8,64.8,60.9
574,100.0,57.9,44.2,41.2,38.5
575,98.2,61.9,63.3,60.0,58.9
576,81.8,36.4,39.4,22.6,14.1
577,67.2,85.9,76.9,77.6,73.4
578,88.7,75.2,78.2,80.2,84.7
579,65.5,54.6,53.8,60.3,47.6
580,100.0,63.0,74.7,62.2,64.9
581,86.1,29.4,23.5,19.8,22.1
582,79.9,41.5,48.8,55.1,58.9
583,47.0,53.5,54.8,51.9,33.4
584,65.0,38.7,45.0,46.8,57.4
585,93.8,73.5,65.4,71.9,75.2
586,100.0,94.4,88.2,91.2,92.6
587,94.0,37.5,43.2,36.7,40.9
588,57.2,48.3,53.8,50.1,44.0
589,86.9,65.0,64.4,63.4,63.9
590,100.0,84.7,89.7,81.3,96.3
591,55.1,26.2,44.2,49.1,54.0
592,82.6,61.5,70.2,74.2,83.0
593,91.3,82.0,87.1,93.2,97.9
594,72.8,32.7,44.8,40.8,37.0
595,52.2,27.6,38.8,48.9,56.1
596,76.2,39.2,50.6,73.4,76.1
597,75.9,56.6,47.4,44.3,39.8
598,82.4,76.1,81.5,65.3,54.0
599,74.8,53.6,66.9,63.9,58.3
600,70.5,41.0,32.0,33.7,28.7
